{
  "Version": "2012-10-17",
  "Statement": [
      {
          "Effect": "Allow",
          "Action": [
              "logs:CreateLogGroup",
              "logs:CreateLogStream",
              "logs:PutLogEvents"
          ],
          "Resource": [
              "arn:aws:logs:*:*:*"
          ]
      },
      {
        "Effect": "Allow",
        "Action": [
          "s3:GetObject",
          "s3:PutObject"
        ],
        "Resource": [
          "arn:aws:s3:::dvb-image-resizer-bucket",
          "arn:aws:s3:::dvb-image-resizer-bucket/*"
        ]
      }
  ]
}